tweet_id,retweet_count,favorite_count
892420643555336193,8479,38491
892177421306343426,6242,32990
891815181378084864,4136,24840
891689557279858688,8605,41867
891327558926688256,9336,40028
891087950875897856,3096,20077
890971913173991426,2056,11753
890729181411237888,18804,65003
890609185150312448,4245,27602
890240255349198849,7369,31680
890006608113172480,7298,30456
889880896479866881,4948,27581
889665388333682689,10013,47771
889638837579907072,4523,26962
889531135344209921,2224,14984
889278841981685760,5397,25108
888917238123831296,4481,28870
888804989199671297,4307,25398
888554962724278272,3564,19746
888078434458587136,3477,21598
887705289381826560,5366,29953
887517139158093824,11620,45907
887473957103951883,18118,68606
887343217045368832,10354,33430
887101392804085760,5931,30316
886983233522544640,7741,34910
886736880519319552,3275,11973
886680336477933568,4446,22253
886366144734445568,3187,21038
886267009285017600,4,116
886258384151887873,6246,27780
886054160059072513,104,0
885984800019947520,6782,32465
885528943205470208,6399,35733
885518971528720385,3744,20288
885311592912609280,18506,0
885167619883638784,4363,21778
884925521741709313,18354,76960
884876753390489601,5760,27738
884562892145688576,4844,24128
884441805382717440,5626,26791
884247878851493888,20368,72504
884162670584377345,2969,20231
883838122936631299,3429,21744
883482846933004288,9918,45614
883360690899218434,3663,22409
883117836046086144,6649,36940
882992080364220416,3903,23788
882762694511734784,4901,28111
882627270321602560,6071,27723
882268110199369728,11556,44654
882045870035918850,4956,29143
881906580714921986,3390,24132
881666595344535552,10633,50194
881633300179243008,7,126
881536004380872706,15903,49118
881268444196462592,5147,22926
880935762899988482,2773,16892
880872448815771648,3804,21145
880465832366813184,6270,28329
880221127280381952,4215,26881
880095782870896641,4356,27440
879862464715927552,3491,22177
879674319642796034,10,311
879492040517615616,3179,23249
879415818425184262,44066,105149
879376492567855104,3112,16654
879130579576475649,6830,0
879050749262655488,4707,22429
879008229531029506,2685,18845
878776093423087618,4128,19288
878604707211726852,7199,30065
878404777348136964,1290,0
878316110768087041,6646,0
878281511006478336,1290,7700
878057613040115712,6830,41769
877736472329191424,19103,79357
877611172832227328,80,0
877556246731214848,3814,22597
877316821321428993,5169,27194
877201837425926144,5587,26940
876838120628539392,3351,20545
876537666061221889,4618,23310
876484053909872640,2393,18637
876120275196170240,4687,27732
875747767867523072,4296,25041
875144289856114688,4927,21795
875097192612077568,6043,27278
875021211251597312,4723,25326
874680097055178752,4658,27677
874434818259525634,14787,0
874296783580663808,4127,25932
874057562936811520,3966,22538
874012996292530176,10478,34462
873580283840344065,3960,24126
873337748698140672,1593,0
873213775632977920,1593,7219
872967104147763200,5427,27278
872820683541237760,3709,14670
872668790621863937,28,0
872620804844003328,3720,20718
872486979161796608,9057,40558
872261713294495745,6373,34113
872122724285648897,8173,34372
871879754684805121,11289,37972
871762521631449091,3505,20240
871515927908634625,3479,20184
871166179821445120,5746,0
871102520638267392,5553,20913
871032628920680449,3844,22633
870804317367881728,6269,33609
870726314365509632,3,120
870656317836468226,2671,12417
870374049280663552,26515,82747
870308999962521604,4203,21833
870063196459192321,8460,36757
869772420881756160,10167,42467
869702957897576449,6420,28307
869596645499047938,3174,16024
869227993411051520,3841,20509
868880397819494401,14746,65927
868639477480148993,2136,0
868622495443632128,5872,27359
868552278524837888,2136,10198
867900495410671616,4248,24320
867774946302451713,7478,34219
867421006826221569,2570,16240
867072653475098625,128,0
867051520902168576,8032,32480
866720684873056260,4919,20246
866686824827068416,3557,19485
866450705531457537,36024,123354
866334964761202691,14787,53112
866094527597207552,8580,0
865718153858494464,5743,25854
865359393868664832,5119,26753
865006731092295680,7866,28305
864873206498414592,8941,32656
864279568663928832,3119,14787
864197398364647424,9186,30530
863907417377173506,4248,20873
863553081350529029,4283,15486
863471782782697472,2534,0
863432100342583297,5401,24140
863427515083354112,99,2293
863079547188785154,1126,8889
863062471531167744,2534,8654
862831371563274240,5232,19456
862722525377298433,3635,17321
862457590147678208,5106,20847
862096992088072192,24014,75800
861383897657036800,11027,36648
861288531465048066,4295,17466
861005113778896900,3926,16996
860981674716409858,2235,0
860924035999428608,844,0
860563773140209665,2235,7641
860524505164394496,5441,24042
860276583193509888,3592,18607
860184849394610176,6028,16990
860177593139703809,31951,0
859924526012018688,4236,19903
859851578198683649,3630,15689
859607811541651456,1626,18946
859196978902773760,31341,91806
859074603037188101,14091,34577
858860390427611136,8445,0
858843525470990336,3601,15847
858471635011153920,5029,21964
858107933456039936,3026,16074
857989990357356544,2688,16473
857746408056729600,11049,35024
857393404942143489,1708,6061
857263160327368704,4709,20481
857214891891077121,19,236
857062103051644929,178,0
857029823797047296,4168,19379
856602993587888130,11154,0
856543823941562368,3003,16666
856526610513747968,1958,12116
856330835276025856,709,0
856288084350160898,17,530
856282028240666624,6608,28418
855862651834028034,28,358
855860136149123072,1085,5162
855857698524602368,2216,12151
855851453814013952,18532,46609
855818117272018944,5694,27299
855459453768019968,8633,30784
855245323840757760,6274,0
855138241867124737,48,0
854732716440526848,6422,23533
854482394044301312,7234,30225
854365224396361728,4936,19490
854120357044912130,7907,32988
854010172552949760,3319,16718
853760880890318849,6121,29570
853639147608842240,10712,36087
853299958564483072,3763,16063
852936405516943360,2140,0
852912242202992640,1946,9386
852672615818899456,2280,15467
852553447878664193,3728,16978
852311364735569921,10497,34369
852226086759018497,7224,20777
852189679701164033,1676,11904
851953902622658560,10246,0
851861385021730816,23,0
851591660324737024,3684,16836
851464819735769094,7524,25248
851224888060895234,6092,21517
850753642995093505,9904,32320
850380195714523136,2787,13608
850333567704068097,357,3571
850145622816686080,4083,17011
850019790995546112,5226,21332
849776966551130114,8116,31777
849668094696017920,5295,0
849412302885593088,3353,16566
849336543269576704,2020,11932
849051919805034497,9117,44376
848690551926992896,4617,26360
848324959059550208,4926,25895
848213670039564288,804,8547
848212111729840128,3302,17095
847978865427394560,3488,0
847971574464610304,463,0
847962785489326080,5475,24597
847842811428974592,1443,5742
847617282490613760,452,7344
847606175596138505,3634,19648
847251039262605312,4606,21423
847157206088847362,6290,20941
847116187444137987,3422,22460
846874817362120707,4212,21066
846514051647705089,12490,46898
846505985330044928,3330,14851
846153765933735936,9756,33300
846139713627017216,10606,32401
846042936437604353,3107,16799
845812042753855489,9425,30787
845677943972139009,5147,26370
845397057150107648,1957,8015
845306882940190720,5811,24525
845098359547420673,8264,0
844979544864018432,2787,14340
844973813909606400,3462,15906
844704788403113984,11154,40752
844580511645339650,3389,17341
844223788422217728,2371,14344
843981021012017153,3150,15908
843856843873095681,4993,22547
843604394117681152,2967,17784
843235543001513987,6550,22660
842846295480000512,3878,16033
842765311967449089,1374,7121
842535590457499648,3786,19070
842163532590374912,6274,25818
842115215311396866,3274,14787
841833993020538882,16655,0
841680585030541313,8388,27036
841439858740625411,3976,13346
841320156043304961,5878,20850
841314665196081154,5096,16733
841077006473256960,5746,24196
840761248237133825,1901,0
840728873075638272,17572,0
840698636975636481,2,192
840696689258311684,1068,12995
840632337062862849,1901,9491
840370681858686976,4944,17408
840268004936019968,6212,20398
839990271299457024,2497,14200
839549326359670784,8445,29127
839290600511926273,154,0
839239871831150596,7129,28806
838952994649550848,4319,20769
838921590096166913,2255,11827
838916489579200512,37,0
838831947270979586,12043,0
838561493054533637,1439,11565
838476387338051585,5242,23960
838201503651401729,11003,0
838150277551247360,357,1780
838085839343206401,0,147
838083903487373313,3429,18687
837820167694528512,8580,36244
837482249356513284,481,4069
837471256429613056,2511,13565
837366284874571778,5769,22412
837110210464448512,2611,16985
836989968035819520,2497,13511
836753516572119041,5028,20414
836677758902222849,2426,13383
836648853927522308,603,0
836397794269200385,30107,0
836380477523124226,3218,15636
836260088725786625,4676,22576
836001077879255040,4689,20294
835685285446955009,8919,0
835574547218894849,3958,18895
835536468978302976,1858,0
835309094223372289,22975,0
835297930240217089,3264,17419
835264098648616962,1858,8255
835246439529840640,79,2216
835172783151792128,6278,27746
835152434251116546,3302,23874
834931633769889797,1802,11520
834786237630337024,5977,22459
834574053763584002,2773,14565
834477809192075265,11662,0
834458053273591808,1826,10225
834209720923721728,5247,21915
834167344700198914,3966,16746
834089966724603904,2326,10688
834086379323871233,2422,13890
833863086058651648,2633,14263
833826103416520705,3762,16320
833732339549220864,238,0
833722901757046785,3502,21993
833479644947025920,2264,15819
833124694597443584,5295,21488
832998151111966721,2430,14171
832769181346996225,40,0
832757312314028032,3969,17907
832682457690300417,3210,12660
832645525019123713,568,3110
832636094638288896,3068,16905
832397543355072512,2441,12722
832369877331693569,3488,18249
832273440279240704,2557,12048
832215909146226688,6789,0
832215726631055365,10288,0
832088576586297345,2,71
832040443403784192,10659,0
832032802820481025,5108,19021
831939777352105988,6734,25574
831926988323639298,36,363
831911600680497154,7155,29476
831670449226514432,1992,11129
831650051525054464,2140,7654
831552930092285952,2516,9603
831322785565769729,1671,9788
831315979191906304,1224,6950
831309418084069378,2676,12489
831262627380748289,2252,12694
830956169170665475,1645,8511
830583320585068544,18506,71401
830173239259324417,6271,0
830097400375152640,3310,10498
829878982036299777,5519,0
829861396166877184,2155,13059
829501995190984704,11662,33889
829449946868879360,2229,11170
829374341691346946,10246,36986
829141528400556032,8154,26201
829011960981237760,17836,56576
828801551087042563,3735,0
828770345708580865,6473,27317
828708714936930305,12351,39115
828650029636317184,1480,10165
828409743546925057,1266,6719
828408677031882754,1409,8167
828381636999917570,2441,13507
828376505180889089,1171,7903
828372645993398273,3228,13397
828361771580813312,186,2344
828046555563323392,3154,12575
828011680017821696,2361,11075
827933404142436356,5747,21547
827653905312006145,3308,16507
827600520311402496,1042,7922
827324948884643840,3374,16996
827199976799354881,2467,11319
826958653328592898,5519,23128
826848821049180160,11298,39077
826615380357632002,4344,0
826598799820865537,281,5484
826598365270007810,2586,10785
826476773533745153,4626,19712
826240494070030336,2853,14205
826204788643753985,1028,5220
826115272272650244,3453,16792
825876512159186944,2056,11210
825829644528148480,2743,13648
825535076884762624,18982,55764
825147591692263424,5046,19603
825120256414846976,1421,0
825026590719483904,1421,6814
824796380199809024,6060,0
824775126675836928,3897,16038
824663926340194305,1919,10797
824325613288833024,11463,12629
824297048279236611,4267,16128
824025158776213504,652,5119
823939628516474880,2999,11432
823719002937630720,12426,0
823699002998870016,2668,13491
823581115634085888,2928,13987
823333489516937216,29,752
823322678127919110,4443,16915
823269594223824897,10899,0
822975315408461824,3801,18570
822872901745569793,48562,142140
822859134160621569,2521,14172
822647212903690241,7086,0
822610361945911296,3274,15863
822489057087389700,7086,19494
822462944365645825,16284,30653
822244816520155136,10899,37661
822163064745328640,5327,0
821886076407029760,2593,12209
821813639212650496,3698,0
821765923262631936,1846,9057
821522889702862852,1954,8613
821421320206483457,6195,0
821407182352777218,4823,12661
821153421864615936,10,273
821149554670182400,2225,9392
821107785811234820,2360,10329
821044531881721856,2534,13611
820837357901512704,7410,0
820749716845686786,11003,33943
820690176645140481,3567,13125
820494788566847489,627,0
820446719150292993,2857,0
820314633777061888,627,3588
820078625395449857,6958,21295
820013781606658049,1311,0
819952236453363712,1311,5719
819924195358416896,5368,13846
819711362133872643,3482,14477
819588359383371776,2183,10295
819347104292290561,1334,7771
819238181065359361,448,2466
819227688460238848,7410,24862
819015337530290176,40645,0
819015331746349057,20967,0
819006400881917954,20967,48563
819004803107983360,40645,92984
818646164899774465,23142,0
818627210458333184,8265,23914
818614493328580609,2869,10622
818588835076603904,6823,0
818536468981415936,2749,11761
818307523543449600,9025,0
818259473185828864,2537,11876
818145370475810820,2884,13240
817908911860748288,874,5212
817827839487737858,30107,55912
817777686764523521,2959,11523
817536400337801217,3367,12714
817502432452313088,3770,0
817423860136083457,16655,36914
817415592588222464,1073,6065
817181837579653120,9459,0
817171292965273600,2234,9404
817120970343411712,2910,13105
817056546584727552,1832,9234
816829038950027264,5243,0
816816676327063552,2263,10768
816697700272001025,2449,10569
816450570814898180,9025,32987
816336735214911488,2171,9278
816091915477250048,2392,9630
816062466425819140,1163,0
816014286006976512,5905,0
815990720817401858,1163,5387
815966073409433600,9459,24232
815745968457060357,4599,0
815736392542261248,2519,10614
815639385530101762,1836,8873
815390420867969024,4228,11163
814986499976527872,1438,8245
814638523311648768,3015,12191
814578408554463233,6467,0
814530161257443328,2059,9354
814153002265309185,9674,31039
813944609378369540,3580,0
813910438903693312,2099,10026
813812741911748608,15602,39224
813800681631023104,1959,9018
813217897535406080,8118,20186
813202720496779264,2007,9909
813187593374461952,4866,21427
813172488309972993,2135,10082
813157409116065792,2467,8370
813142292504645637,2630,9086
813130366689148928,494,4821
813127251579564032,3490,12808
813112105746448384,3075,11175
813096984823349248,4017,11367
813081950185472002,3085,10664
813066809284972545,2167,8598
813051746834595840,8161,22637
812781120811126785,2128,8184
812747805718642688,7743,0
812709060537683968,1595,7154
812503143955202048,1365,6563
812466873996607488,2146,8642
812372279581671427,4090,14811
811985624773361665,1566,7851
811744202451197953,1794,8160
811647686436880384,826,6040
811627233043480576,3495,13855
811386762094317568,7136,22607
810984652412424192,1593,5768
810896069567610880,1994,9787
810657578271330305,2945,11857
810284430598270976,12739,38360
810254108431155201,3735,15882
809920764300447744,4344,16755
809808892968534016,5468,0
809448704142938112,1639,7497
809220051211603969,6271,21578
809084759137812480,3907,14285
808838249661788160,3389,10924
808733504066486276,2411,8554
808501579447930884,2899,12216
808344865868283904,23142,45997
808134635716833280,6659,0
808106460588765185,2437,9431
808001312164028416,3938,13607
807621403335917568,4111,15776
807106840509214720,60433,122009
807059379405148160,8190,0
807010152071229440,4256,14091
806629075125202948,38968,81405
806620845233815552,6169,0
806576416489959424,2144,5245
806542213899489280,2643,11058
806242860592926720,13060,0
806219024703037440,1338,6948
805958939288408065,6007,0
805932879469572096,2126,8955
805826884734976000,2047,7137
805823200554876929,8991,0
805520635690676224,1847,6209
805487436403003392,2827,9491
805207613751304193,1899,8431
804738756058218496,4306,14883
804475857670639616,2242,6671
804413760345620481,3588,0
804026241225523202,18093,48332
803773340896923648,3095,10882
803692223237865472,8292,0
803638050916102144,4629,11908
803380650405482500,2073,8390
803321560782307329,5947,0
803276597545603072,2758,10862
802952499103731712,2243,9769
802624713319034886,3269,0
802600418706604034,1640,7711
802572683846291456,2802,9692
802323869084381190,6528,17620
802265048156610565,1517,6933
802239329049477120,2908,9835
802185808107208704,297,0
801958328846974976,1908,8361
801854953262350336,261,1909
801538201127157760,2301,8879
801285448605831168,928,6575
801167903437357056,6659,26586
801127390143516673,4444,0
801115127852503040,2331,8755
800859414831898624,107,748
800855607700029440,1815,0
800751577355128832,3102,11386
800513324630806528,3360,14242
800459316964663297,2404,10242
800443802682937345,4827,0
800388270626521089,3132,12088
800188575492947969,4402,0
800141422401830912,2857,16584
800018252395122689,14713,30769
799774291445383169,5240,0
799757965289017345,2412,9112
799422933579902976,2134,8715
799308762079035393,6189,0
799297110730567681,3094,10766
799063482566066176,2744,8779
798933969379225600,5005,14280
798925684722855936,1601,8056
798705661114773508,7396,0
798701998996647937,8732,0
798697898615730177,7265,0
798694562394996736,5543,0
798686750113755136,2594,0
798682547630837760,5284,0
798673117451325440,6214,0
798665375516884993,4342,0
798644042770751489,2069,0
798628517273620480,2198,0
798585098161549313,6386,0
798576900688019456,6566,0
798340744599797760,3755,0
798209839306514432,2849,11262
797971864723324932,3506,12645
797545162159308800,5424,15731
797236660651966464,7403,21713
797165961484890113,31,250
796904159865868288,9955,0
796865951799083009,2125,8327
796759840936919040,3417,12884
796563435802726400,8171,0
796484825502875648,1963,8223
796387464403357696,4653,11944
796177847564038144,15984,0
796149749086875649,15984,35108
796125600683540480,1993,5360
796116448414461957,2706,9864
796080075804475393,2588,9160
796031486298386433,4123,11721
795464331001561088,26610,54087
795400264262053889,3200,10965
795076730285391872,6060,17615
794983741416415232,3771,0
794926597468000259,2587,11156
794355576146903043,11498,0
794332329137291264,2951,10377
794205286408003585,3696,9981
793962221541933056,5468,18269
793845145112371200,2095,9989
793614319594401792,3497,0
793601777308463104,1827,8661
793500921481273345,2665,11613
793286476301799424,10288,26729
793271401113350145,2638,9368
793256262322548741,9308,21680
793241302385262592,3666,11427
793226087023144960,3196,10674
793210959003287553,3149,9696
793195938047070209,6283,16574
793180763617361921,2223,7509
793165685325201412,3103,10202
793150605191548928,1907,6697
793135492858580992,2782,7015
793120401413079041,4362,13777
792913359805018113,4492,15585
792883833364439040,4763,12271
792773781206999040,1877,7974
792394556390137856,4782,14625
792050063153438720,2006,7794
791821351946420224,23482,0
791784077045166082,10786,0
791780927877898241,4238,0
791774931465953280,24798,48935
791672322847637504,3497,12748
791406955684368384,4599,14246
791312159183634433,2839,9526
791026214425268224,4601,0
790987426131050500,2390,10743
790946055508652032,5243,18013
790723298204217344,2592,0
790698755171364864,2130,8891
790581949425475584,8004,22440
790337589677002753,2085,8483
790277117346975746,3580,13606
790227638568808452,3991,0
789986466051088384,2592,10034
789960241177853952,4649,0
789903600034189313,4613,11277
789628658055020548,1984,8165
789599242079838210,2165,7342
789530877013393408,3771,12761
789314372632018944,2564,9336
789280767834746880,5527,0
789268448748703744,2886,9883
789137962068021249,3115,10532
788908386943430656,13843,29703
788765914992902144,11498,29744
788552643979468800,8058,0
788412144018661376,5911,16886
788178268662984705,2369,7845
788150585577050112,1451,6669
788070120937619456,3810,0
788039637453406209,1482,6668
787810552592695296,3403,9401
787717603741622272,3099,11062
787397959788929025,3159,11753
787322443945877504,1947,8438
787111942498508800,7480,0
786963064373534720,8919,28799
786729988674449408,2697,0
786709082849828864,6789,19710
786664955043049472,2865,11560
786595970293370880,3456,10184
786363235746385920,3909,11815
786286427768250368,3190,8645
786233965241827333,5327,16603
786051337297522688,171,1554
786036967502913536,7885,0
785927819176054784,3528,12306
785872687017132033,2031,7244
785639753186217984,2467,8467
785533386513321988,2240,9871
785515384317313025,1407,6610
785264754247995392,1828,7866
785170936622350336,5415,13114
784826020293709826,3588,10969
784517518371221505,2827,9714
784431430411685888,1428,6162
784183165795655680,8991,21768
784057939640352768,12426,32378
783839966405230592,12043,32552
783821107061198850,2196,7972
783695101801398276,3585,11300
783466772167098368,2510,9143
783391753726550016,6147,18274
783347506784731136,6253,0
783334639985389568,13060,31650
783085703974514689,2472,8811
782969140009107456,8190,26101
782747134529531904,1555,8073
782722598790725632,6007,18663
782598640137187329,2090,8415
782305867769217024,6195,18042
782021823840026624,6948,0
781955203444699136,3737,12005
781661882474196992,3007,11296
781655249211752448,1247,4334
781524693396357120,6169,22425
781308096455073793,2831,7714
781251288990355457,2337,9120
781163403222056960,3032,10551
780931614150983680,8171,23381
780858289093574656,2215,7777
780800785462489090,1445,5965
780601303617732608,3698,13056
780543529827336192,1925,6809
780496263422808064,4131,0
780476555013349377,129,0
780459368902959104,1183,5707
780192070812196864,2484,9406
780092040432480260,2558,0
780074436359819264,5555,13239
779834332596887552,7885,20545
779377524342161408,3453,9536
779124354206535695,20440,0
779123168116150273,4047,12749
779056095788752897,5029,15985
778990705243029504,8095,21644
778774459159379968,11064,0
778764940568104960,407,926
778748913645780993,1481,7452
778650543019483137,1659,6234
778624900596654080,1123,5021
778408200802557953,4833,14732
778396591732486144,13590,0
778383385161035776,1224,6309
778286810187399168,3681,11224
778039087836069888,2927,9150
778027034220126208,1804,7089
777953400541634568,3903,0
777885040357281792,1822,6868
777684233540206592,3269,12118
777641927919427584,4722,0
777621514455814149,2767,9472
777189768882946048,4806,15450
776819012571455488,15231,0
776813020089548800,1339,5260
776477788987613185,3117,9560
776249906839351296,10167,0
776218204058357768,17707,32390
776201521193218049,2794,10348
776113305656188928,4827,12673
776088319444877312,168,1978
775898661951791106,17429,0
775842724423557120,2977,12638
775733305207554048,4444,14922
775729183532220416,5069,13921
775364825476165632,3309,8021
775350846108426240,4347,10947
775085132600442880,5240,16756
774757898236878852,1961,9198
774639387460112384,1923,7234
774314403806253056,6189,23453
773985732834758656,4309,11574
773922284943896577,1917,6894
773704687002451968,1818,7112
773670353721753600,1438,5739
773547596996571136,6823,23760
773336787167145985,5643,0
773308824254029826,8264,25010
773247561583001600,3557,10128
773191612633579521,4548,10767
772877495989305348,4291,9251
772826264096874500,2572,8590
772615324260794368,3725,0
772581559778025472,1874,6972
772193107915964416,1534,6470
772152991789019136,1239,4066
772117678702071809,808,4032
772114945936949249,521,2915
772102971039580160,1020,4312
771908950375665664,2099,7075
771770456517009408,3755,12939
771500966810099713,2896,8905
771380798096281600,5643,11328
771171053431250945,8360,0
771136648247640064,3229,9900
771102124360998913,1585,6706
771014301343748096,1827,7402
770787852854652928,1355,5344
770772759874076672,1565,5584
770655142660169732,1922,7887
770414278348247044,2272,6772
770293558247038976,1646,6713
770093767776997377,3354,0
770069151037685760,2546,8156
769940425801170949,10659,33856
769695466921623552,1833,6881
769335591808995329,8481,0
769212283578875904,1897,5801
768970937022709760,7229,15503
768909767477751808,2992,0
768855141948723200,985,4520
768609597686943744,1337,4427
768596291618299904,1409,5400
768554158521745409,6420,0
768473857036525572,3790,14656
768193404517830656,3903,11724
767884188863397888,1548,5102
767754930266464257,5947,17226
767500508068192258,2570,8046
767191397493538821,4208,13220
767122157629476866,3143,10869
766864461642756096,6251,0
766793450729734144,1497,5465
766714921925144576,423,2795
766693177336135680,872,4329
766423258543644672,1758,6476
766313316352462849,2077,7288
766078092750233600,2861,0
766069199026450432,959,4598
766008592277377025,543,4012
765719909049503744,2377,7780
765669560888528897,1342,5575
765395769549590528,3736,28333
765371061932261376,2371,7606
765222098633691136,3725,12482
764857477905154048,1953,6895
764259802650378240,1675,6505
763956972077010945,59,794
763837565564780549,4601,13555
763183847194451968,1629,5812
763167063695355904,3329,0
763103485927849985,2503,7908
762699858130116608,3991,13086
762471784394268675,7173,12137
762464539388485633,4649,11114
762316489655476224,1244,5182
762035686371364864,17184,34368
761976711479193600,2225,5808
761750502866649088,4345,0
761745352076779520,942,4571
761672994376806400,31951,53152
761599872357261312,1293,4431
761371037149827077,19728,0
761334018830917632,1599,5594
761292947749015552,1210,4803
761227390836215808,1710,5710
761004547850530816,3810,12106
760893934457552897,1067,4099
760656994973933572,2115,7095
760641137271070720,1416,5314
760539183865880579,3989,8139
760521673607086080,1538,4540
760290219849637889,12628,28735
760252756032651264,950,4225
760190180481531904,1993,6117
760153949710192640,35,0
759943073749200896,2306,6372
759923798737051648,6251,15753
759846353224826880,2184,7219
759793422261743616,2094,6392
759566828574212096,23269,0
759557299618865152,1289,5048
759447681597108224,2697,9112
759446261539934208,536,1791
759197388317847553,2132,6501
759159934323924993,1291,0
759099523532779520,4603,15588
759047813560868866,2215,6994
758854675097526272,983,3807
758828659922702336,4204,11979
758474966123810816,1087,4099
758467244762497024,2449,5153
758405701903519748,2110,5572
758355060040593408,1192,3675
758099635764359168,11064,20580
758041019896193024,414,2907
757741869644341248,3572,7383
757729163776290825,8919,0
757725642876129280,1338,4855
757611664640446465,1226,4878
757597904299253760,321,0
757596066325864448,1167,4663
757400162377592832,7498,16255
757393109802180609,1918,6263
757354760399941633,1562,4840
756998049151549440,2185,6714
756939218950160384,2205,7122
756651752796094464,1450,5435
756526248105566208,3972,11146
756303284449767430,1190,4238
756288534030475264,19198,45769
756275833623502848,1684,6911
755955933503782912,3167,7868
755206590534418437,5900,17643
755110668769038337,12139,22741
754874841593970688,8804,0
754856583969079297,2768,7367
754747087846248448,573,2752
754482103782404096,2139,5692
754449512966619136,808,4012
754120377874386944,2563,8394
753655901052166144,2390,6265
753420520834629632,3909,8475
753398408988139520,2105,6207
753375668877008896,2558,8163
753298634498793472,6326,0
753294487569522689,1145,3640
753039830821511168,22975,39731
753026973505581056,1067,4166
752932432744185856,7480,13511
752917284578922496,1722,7363
752701944171524096,3163,0
752682090207055872,1760,6425
752660715232722944,1728,4722
752568224206688256,2504,5935
752519690950500352,3771,7900
752334515931054080,1207,4085
752309394570878976,18266,0
752173152931807232,2025,6373
751950017322246144,1020,3297
751937170840121344,1472,5579
751830394383790080,2146,6208
751793661361422336,3199,6272
751598357617971201,3318,8449
751583847268179968,1225,4721
751538714308972544,1390,5390
751456908746354688,1091,3421
751251247299190784,6436,13364
751205363882532864,2006,6752
751132876104687617,1430,5438
750868782890057730,1518,5114
750719632563142656,5527,14110
750506206503038976,1261,4768
750429297815552001,4722,14085
750383411068534784,1241,4852
750381685133418496,35,735
750147208377409536,1058,3308
750132105863102464,1389,3883
750117059602808832,1422,4616
750101899009982464,919,3245
750086836815486976,597,2317
750071704093859840,3649,8391
750056684286914561,976,3349
750041628174217216,676,3392
750026558547456000,864,2898
750011400160841729,996,3469
749996283729883136,882,3229
749981277374128128,2682,5465
749774190421639168,1432,4969
749417653287129088,1825,6526
749403093750648834,600,2806
749395845976588288,3787,9196
749317047558017024,2424,5861
749075273010798592,2259,6158
749064354620928000,1650,5114
749036806121881602,851,3306
748977405889503236,3722,11449
748932637671223296,2465,6239
748705597323898880,1034,2952
748699167502000129,1752,5062
748692773788876800,1451,4525
748575535303884801,2178,6471
748568946752774144,730,2328
748346686624440324,1344,5577
748337862848962560,4505,8217
748324050481647620,835,3959
748307329658011649,780,3912
748220828303695873,8502,15060
747963614829678593,2348,6178
747933425676525569,2787,7069
747885874273214464,1082,3147
747844099428986880,816,2992
747816857231626240,1270,5176
747651430853525504,171,1472
747648653817413632,6370,13749
747600769478692864,598,2472
747594051852075008,1151,3932
747512671126323200,1728,5914
747461612269887489,1131,4125
747439450712596480,2096,5793
747242308580548608,3143,0
747219827526344708,1723,5625
747204161125646336,1002,3603
747103485104099331,4361,10206
746906459439529985,326,3081
746872823977771008,2343,6381
746818907684614144,1876,5639
746790600704425984,1731,5180
746757706116112384,4238,10186
746726898085036033,1950,6434
746542875601690625,2032,5357
746521445350707200,1070,0
746507379341139972,1174,4936
746369468511756288,1797,6577
746131877086527488,2397,7349
746056683365994496,894,3778
745789745784041472,1164,4300
745712589599014916,2531,7436
745433870967832576,2766,7550
745422732645535745,2648,9129
745314880350101504,3017,7621
745074613265149952,3835,8339
745057283344719872,2482,7697
744995568523612160,682,3173
744971049620602880,2929,8376
744709971296780288,1692,5950
744334592493166593,2326,7194
744234799360020481,84146,162073
744223424764059648,405,1807
743980027717509120,1181,4411
743895849529389061,1041,3870
743835915802583040,2273,0
743609206067040256,1495,4768
743595368194129920,7129,19629
743545585370791937,1017,3743
743510151680958465,4015,8392
743253157753532416,1313,4498
743222593470234624,2069,6587
743210557239623680,1475,4071
742534281772302336,3854,7483
742528092657332225,2165,4716
742465774154047488,4218,7700
742423170473463808,4131,10448
742385895052087300,2163,7218
742161199639494656,1489,4602
742150209887731712,1694,5469
741793263812808706,1642,4843
741743634094141440,3001,8680
741438259667034112,908,3895
741303864243200000,3510,9313
741099773336379392,6015,10672
741067306818797568,3354,10020
740995100998766593,3002,6803
740711788199743490,1012,3616
740699697422163968,843,3006
740676976021798912,7396,19254
740373189193256964,14463,36874
740365076218183684,472,2637
740359016048689152,928,3504
740214038584557568,2134,7105
739979191639244800,6420,21164
739932936087216128,1173,4302
739844404073074688,925,4016
739623569819336705,1476,4040
739606147276148736,1802,5712
739544079319588864,23269,42172
739485634323156992,3192,7636
739238157791694849,62777,121430
738891149612572673,6,113
738885046782832640,1237,4000
738883359779196928,882,3547
738537504001953792,1696,5411
738402415918125056,924,3471
738184450748633089,1318,4585
738166403467907072,3702,9326
738156290900254721,712,2684
737826014890496000,1919,5588
737800304142471168,3757,10585
737678689543020544,1453,5348
737445876994609152,4841,10930
737322739594330112,878,3824
737310737551491075,8036,15578
736736130620620800,1885,4579
736392552031657984,8058,18821
736365877722001409,1358,4232
736225175608430592,2999,8624
736010884653420544,3227,8386
735991953473572864,1247,3821
735648611367784448,1186,4250
735635087207878657,2564,6561
735274964362878976,5497,13787
735256018284875776,959,3552
735137028879360001,1049,3320
734912297295085568,557,2905
734787690684657664,6814,13314
734776360183431168,586,2655
734559631394082816,429,1585
733828123016450049,839,3806
733822306246479872,1094,3890
733482008106668032,1027,3331
733460102733135873,1387,4455
733109485275860992,17429,47275
732732193018155009,581,2584
732726085725589504,957,3740
732585889486888962,835,3899
732375214819057664,2721,8558
732005617171337216,5905,15802
731285275100512256,1070,3691
731156023742988288,1376,4059
730924654643314689,2144,6481
730573383004487680,2336,5212
730427201120833536,1126,3667
730211855403241472,1142,4048
730196704625098752,2079,5167
729854734790754305,1211,4260
729838605770891264,415,1803
729823566028484608,1337,4213
729463711119904772,2487,6147
729113531270991872,355,1997
728986383096946689,885,3351
728760639972315136,1838,4941
728751179681943552,734,2949
728653952833728512,1125,3507
728409960103686147,2176,5204
728387165835677696,1036,3882
728046963732717569,1267,4559
728035342121635841,1806,4807
728015554473250816,1187,4330
727685679342333952,690,3109
727644517743104000,1893,6242
727524757080539137,1323,4729
727314416056803329,808,3511
727286334147182592,879,3217
727175381690781696,1482,4097
727155742655025152,1427,3849
726935089318363137,2651,7272
726887082820554753,1628,4052
726828223124897792,1089,3751
726224900189511680,1253,4670
725842289046749185,2861,7444
725786712245440512,1466,4402
725729321944506368,1926,5491
725458796924002305,671,1490
724983749226668032,1410,3910
724771698126512129,691,2502
724405726123311104,1780,5607
724049859469295616,1910,4581
724046343203856385,601,2814
724004602748780546,1709,4430
723912936180330496,1318,4108
723688335806480385,3220,8146
723673163800948736,963,3201
723179728551723008,2027,5588
722974582966214656,1702,4348
722613351520608256,1763,5233
721503162398597120,2026,4932
721001180231503872,662,2673
720785406564900865,841,3296
720775346191278080,737,2622
720415127506415616,1610,4359
720389942216527872,2728,6773
720340705894408192,1051,3036
720059472081784833,1220,4113
720043174954147842,2166,5173
719991154352222208,1890,5103
719704490224398336,1571,4823
719551379208073216,2091,5340
719367763014393856,798,2949
719339463458033665,1352,4668
719332531645071360,1033,3608
718971898235854848,1186,3686
718939241951195136,1900,5526
718631497683582976,8732,19989
718613305783398402,521,2577
718540630683709445,1092,2632
718460005985447936,575,2863
718454725339934721,1627,5147
718246886998687744,538,2037
718234618122661888,1082,4090
717841801130979328,644,2589
717790033953034240,1217,3052
717537687239008257,1991,6085
717428917016076293,491,1691
717421804990701568,911,3333
717047459982213120,2053,6621
717009362452090881,1053,3456
716802964044845056,1266,4509
716791146589110272,1498,5846
716730379797970944,460,1301
716447146686459905,6348,13857
716439118184652801,232,2495
716285507865542656,1172,2936
716080869887381504,1875,5152
715928423106027520,946,3374
715758151270801409,1537,3950
715733265223708672,1834,4938
715704790270025728,606,2957
715696743237730304,1393,4125
715680795826982913,1749,4572
715360349751484417,1698,5781
715342466308784130,738,3195
715220193576927233,709,2551
715200624753819648,2035,5412
715009755312439296,1331,4402
714982300363173890,1113,3962
714962719905021952,4617,7774
714957620017307648,1534,4369
714631576617938945,1081,3460
714606013974974464,1007,3827
714485234495041536,1255,2869
714258258790387713,775,3173
714251586676113411,910,3455
714214115368108032,945,2398
714141408463036416,1509,4542
713919462244790272,840,3463
713909862279876608,592,2022
713900603437621249,806,2987
713761197720473600,1487,5163
713411074226274305,1397,4663
713177543487135744,3064,7612
713175907180089344,1567,4721
712809025985978368,7265,19650
712717840512598017,5403,13076
712668654853337088,1313,4403
712438159032893441,1687,5626
712309440758808576,25,258
712097430750289920,1115,4017
712092745624633345,972,3109
712085617388212225,522,3427
712065007010385924,669,2399
711998809858043904,136,0
711968124745228288,2494,8509
711743778164514816,1069,3005
711732680602345472,4457,9414
711694788429553666,19729,34760
711652651650457602,990,4089
711363825979756544,1226,3869
711306686208872448,794,3508
711008018775851008,673,3165
710997087345876993,1503,4814
710844581445812225,743,2690
710833117892898816,582,2842
710658690886586372,610,2446
710609963652087808,2539,5071
710588934686908417,2030,4816
710296729921429505,796,2506
710283270106132480,559,2250
710272297844797440,1362,4779
710269109699739648,1218,2542
710153181850935296,967,3072
710140971284037632,966,2930
710117014656950272,2147,5810
709918798883774466,1157,3151
709901256215666688,107,711
709852847387627521,1290,3700
709566166965075968,1304,3741
709556954897764353,1148,3472
709519240576036864,259,1575
709449600415961088,641,2354
709409458133323776,752,2773
709225125749587968,622,2534
709207347839836162,6313,13360
709198395643068416,690,2554
709179584944730112,729,2134
709158332880297985,450,2165
709042156699303936,1781,5034
708853462201716736,708,1894
708845821941387268,971,3149
708834316713893888,545,1804
708810915978854401,7526,17465
708738143638450176,882,2896
708711088997666817,792,2701
708479650088034305,732,2697
708469915515297792,888,3259
708400866336894977,10938,16946
708356463048204288,1455,3824
708349470027751425,796,2490
708149363256774660,1663,4526
708130923141795840,909,3589
708119489313951744,1055,2842
708109389455101952,585,2043
708026248782585858,2081,4627
707995814724026368,1210,3296
707983188426153984,2,51
707969809498152960,1049,2863
707776935007539200,1023,3470
707741517457260545,660,2641
707738799544082433,2670,4340
707693576495472641,1080,3633
707629649552134146,950,2730
707610948723478529,6948,17958
707420581654872064,751,2405
707411934438625280,649,2414
707387676719185920,1412,3713
707377100785885184,1165,3480
707315916783140866,692,2615
707297311098011648,862,2925
707059547140169728,731,2728
707038192327901184,860,2328
707021089608753152,1485,4309
707014260413456384,646,2438
706904523814649856,8481,15453
706901761596989440,648,2195
706681918348251136,1048,3514
706644897839910912,1186,2734
706593038911545345,680,2288
706538006853918722,1531,3664
706516534877929472,1117,3285
706346369204748288,997,3648
706310011488698368,8660,22727
706291001778950144,509,1803
706265994973601792,995,2886
706169069255446529,2406,4144
706166467411222528,1746,5455
706153300320784384,417,1587
705975130514706432,801,3286
705970349788291072,965,3332
705898680587526145,608,2517
705786532653883392,577,2068
705591895322394625,1243,3357
705475953783398401,1001,3136
705442520700944385,1792,4722
705428427625635840,1833,4048
705239209544720384,815,3176
705223444686888960,875,2740
705102439679201280,555,2282
705066031337840642,657,2306
704871453724954624,1206,4529
704859558691414016,593,2394
704847917308362754,1660,5423
704819833553219584,1087,2800
704761120771465216,3143,7036
704499785726889984,1081,3119
704491224099647488,91,812
704480331685040129,1147,3612
704364645503647744,3848,8542
704347321748819968,383,1685
704134088924532736,507,1607
704113298707505153,611,1971
704054845121142784,997,3102
703774238772166656,502,1960
703769065844768768,1231,3495
703631701117943808,750,2757
703611486317502464,1648,4097
703425003149250560,1502,4027
703407252292673536,761,2612
703382836347330562,1241,3725
703356393781329922,420,2025
703268521220972544,597,2089
703079050210877440,3360,7829
703041949650034688,13590,28009
702932127499816960,783,2753
702899151802126337,486,1711
702684942141153280,1168,3412
702671118226825216,605,2322
702598099714314240,3546,10986
702539513671897089,1043,3049
702332542343577600,1688,3398
702321140488925184,1119,3479
702276748847800320,828,2632
702217446468493312,1456,5100
701981390485725185,1075,3651
701952816642965504,1107,4036
701889187134500865,1494,3777
701805642395348998,1837,3645
701601587219795968,499,2216
701570477911896070,1015,2989
701545186879471618,662,2819
701214700881756160,5543,12972
700890391244103680,621,2360
700864154249383937,664,2753
700847567345688576,541,2584
700796979434098688,1038,2581
700747788515020802,10167,24255
700518061187723268,866,2798
700505138482569216,620,2418
700462010979500032,1954,4399
700167517596164096,811,2811
700151421916807169,716,2380
700143752053182464,2992,8005
700062718104104960,753,2805
700029284593901568,630,2193
700002074055016451,1459,3516
699801817392291840,1041,3239
699788877217865730,538,2386
699779630832685056,1340,2944
699775878809702401,659,2080
699691744225525762,4980,10891
699446877801091073,2835,6299
699434518667751424,554,2307
699423671849451520,360,1451
699413908797464576,672,2191
699370870310113280,476,1996
699323444782047232,936,3352
699088579889332224,681,2375
699079609774645248,712,2599
699072405256409088,1286,3189
699060279947165696,1962,4017
699036661657767936,1294,2772
698989035503689728,1066,3593
698953797952008193,977,2874
698907974262222848,675,2696
698710712454139905,743,2627
698703483621523456,411,1542
698635131305795584,369,1366
698549713696649216,669,2460
698355670425473025,487,1984
698342080612007937,1028,2407
698262614669991936,2176,5042
698195409219559425,6467,17804
698178924120031232,800,2974
697995514407682048,362,1622
697990423684476929,1403,3492
697943111201378304,751,2553
697881462549430272,1287,3206
697630435728322560,583,1856
697616773278015490,1095,3353
697596423848730625,1365,3219
697575480820686848,550,2162
697516214579523584,1228,2199
697482927769255936,736,2575
697463031882764288,1496,3623
697270446429966336,2018,4955
697259378236399616,1077,3483
697255105972801536,1258,3205
697242256848379904,721,2670
696900204696625153,1111,3395
696894894812565505,733,2491
696886256886657024,1938,5133
696877980375769088,772,2593
696754882863349760,387,1568
696744641916489729,1023,2207
696713835009417216,704,2529
696518437233913856,1836,4132
696490539101908992,161,1297
696488710901260288,1120,2696
696405997980676096,1235,3411
696100768806522880,721,2059
695816827381944320,1274,3192
695794761660297217,848,3381
695767669421768709,808,1989
695629776980148225,2276,4851
695446424020918272,1961,4634
695409464418041856,3865,9152
695314793360662529,1595,3867
695095422348574720,666,2805
695074328191332352,1195,3014
695064344191721472,652,1710
695051054296211456,853,2827
694925794720792577,991,2861
694905863685980160,1013,2938
694669722378485760,15667,37915
694356675654983680,312,1600
694352839993344000,672,2163
694342028726001664,529,1676
694329668942569472,543,2135
694206574471057408,2205,4452
694183373896572928,1005,3127
694001791655137281,1120,3597
693993230313091072,437,1990
693942351086120961,399,1842
693647888581312512,644,2861
693644216740769793,139,1427
693642232151285760,450,2701
693629975228977152,869,2597
693622659251335168,399,1638
693590843962331137,2134,5379
693582294167244802,276,1742
693486665285931008,683,1886
693280720173801472,1352,3572
693267061318012928,889,2535
693262851218264065,545,2369
693231807727280129,796,3040
693155686491000832,3469,8385
693109034023534592,667,1831
693095443459342336,501,1995
692919143163629568,805,2838
692905862751522816,949,2589
692901601640583168,658,1899
692894228850999298,873,2413
692828166163931137,958,3061
692752401762250755,3933,7258
692568918515392513,1665,4620
692535307825213440,1472,3389
692530551048294401,456,1965
692423280028966913,251,1571
692417313023332352,3770,9933
692187005137076224,889,2678
692158366030913536,862,2290
692142790915014657,426,1744
692041934689402880,1380,3612
692017291282812928,1038,3041
691820333922455552,1791,4186
691793053716221953,4554,8627
691756958957883396,1106,3068
691675652215414786,552,2064
691483041324204033,612,2523
691459709405118465,1247,4317
691444869282295808,918,2819
691416866452082688,8292,20554
691321916024623104,715,2737
691096613310316544,971,3148
691090071332753408,363,1810
690989312272396288,3120,6281
690959652130045952,1361,3805
690938899477221376,2168,4398
690932576555528194,1108,3490
690735892932222976,1391,4016
690728923253055490,563,2304
690690673629138944,859,2476
690649993829576704,305,1388
690607260360429569,18,307
690597161306841088,653,2087
690400367696297985,490,1987
690374419777196032,935,3458
690360449368465409,966,2814
690348396616552449,553,1594
690248561355657216,446,1791
690021994562220032,1122,2971
690015576308211712,803,2668
690005060500217858,1833,3896
689999384604450816,410,1516
689993469801164801,500,1562
689977555533848577,484,1452
689905486972461056,751,2578
689877686181715968,1287,3201
689835978131935233,818,2301
689661964914655233,1007,3400
689659372465688576,4230,11037
689623661272240129,703,2374
689599056876867584,6003,12365
689557536375177216,503,2182
689517482558820352,1556,3608
689289219123089408,1010,2393
689283819090870273,1201,3493
689280876073582592,780,2121
689275259254616065,268,1229
689255633275777024,1171,2721
689154315265683456,1090,3250
689143371370250240,559,2152
688916208532455424,947,2906
688908934925697024,841,2255
688898160958271489,854,2236
688894073864884227,755,2371
688828561667567616,401,1468
688804835492233216,213,1019
688789766343622656,725,2349
688547210804498433,763,2773
688519176466644993,792,2458
688385280030670848,4834,9884
688211956440801280,910,2363
688179443353796608,638,2247
688116655151435777,851,2995
688064179421470721,389,1828
687841446767013888,2752,5809
687826841265172480,1231,2906
687818504314159109,1029,2661
687807801670897665,760,2543
687732144991551489,713,1873
687704180304273409,913,2594
687664829264453632,557,2060
687494652870668288,625,2035
687480748861947905,269,1699
687476254459715584,584,2094
687460506001633280,589,2173
687399393394311168,678,2017
687317306314240000,9955,21379
687312378585812992,2067,4631
687127927494963200,2484,5812
687124485711986689,553,2304
687109925361856513,2682,6166
687102708889812993,1075,2487
687096057537363968,659,2388
686947101016735744,3450,9139
686760001961103360,1496,3739
686749460672679938,1588,3678
686730991906516992,1304,4414
686683045143953408,873,2985
686618349602762752,1475,3904
686606069955735556,586,2005
686394059078897668,742,1862
686386521809772549,958,3458
686377065986265092,609,2358
686358356425093120,743,2336
686286779679375361,1810,4254
686050296934563840,800,2342
686035780142297088,133,1224
686034024800862208,1273,3314
686007916130873345,454,2626
686003207160610816,691,1933
685973236358713344,580,2240
685943807276412928,664,1735
685906723014619143,3158,7992
685681090388975616,138,2156
685667379192414208,625,2490
685663452032069632,1593,3458
685641971164143616,842,3120
685547936038666240,17055,35027
685532292383666176,1249,3240
685325112850124800,4345,10083
685321586178670592,703,2815
685315239903100929,1173,3554
685307451701334016,478,2196
685268753634967552,1314,3302
685198997565345792,730,2477
685169283572338688,1549,4357
684969860808454144,418,2513
684959798585110529,3417,7251
684940049151070208,1137,3420
684926975086034944,512,3726
684914660081053696,1590,3721
684902183876321280,575,1998
684880619965411328,895,2233
684830982659280897,23482,37291
684800227459624960,1080,2882
684594889858887680,3842,9501
684588130326986752,1528,4378
684567543613382656,1343,3198
684538444857667585,1046,2816
684481074559381504,1268,4113
684460069371654144,604,2100
684241637099323392,3589,8664
684225744407494656,229,1314
684222868335505415,1507,4086
684200372118904832,1122,2305
684195085588783105,564,2037
684188786104872960,1272,3693
684177701129875456,730,2145
684147889187209216,1628,3160
684122891630342144,515,2116
684097758874210310,1567,4365
683857920510050305,1209,4041
683852578183077888,380,2044
683849932751646720,1067,2785
683834909291606017,1203,2784
683828599284170753,1147,2974
683773439333797890,1476,3550
683742671509258241,3618,6912
683515932363329536,3163,7821
683498322573824003,1039,3363
683481228088049664,1077,2796
683462770029932544,725,2590
683449695444799489,1744,4132
683391852557561860,2594,8096
683357973142474752,1021,3123
683142553609318400,1134,3055
683111407806746624,988,3612
683098815881154561,713,2305
683078886620553216,611,2108
683030066213818368,795,2291
682962037429899265,18192,39314
682808988178739200,196,1880
682788441537560576,1216,2626
682750546109968385,477,1616
682697186228989953,391,1395
682662431982772225,1172,3235
682638830361513985,650,2185
682429480204398592,1262,3642
682406705142087680,1916,8053
682393905736888321,742,2376
682389078323662849,505,1772
682303737705140231,1082,3272
682259524040966145,1325,4427
682242692827447297,1287,3452
682088079302213632,10786,19466
682059653698686977,1844,5272
682047327939461121,1048,3411
682032003584274432,2192,6982
682003177596559360,1658,3346
681981167097122816,1120,2949
681891461017812993,896,2621
681694085539872773,4402,13559
681679526984871937,484,1869
681654059175129088,1008,2804
681610798867845120,515,2026
681579835668455424,1425,3765
681523177663676416,6326,15212
681340665377193984,302,1741
681339448655802368,4409,9859
681320187870711809,822,2817
681302363064414209,1993,4194
681297372102656000,1042,3388
681281657291280384,1197,3412
681261549936340994,297,1542
681242418453299201,589,1589
681231109724700672,525,2539
681193455364796417,1618,3941
680970795137544192,721,2575
680959110691590145,2157,4828
680940246314430465,1147,3426
680934982542561280,479,2200
680913438424612864,673,2539
680889648562991104,398,1872
680836378243002368,1443,3659
680805554198020098,720,2297
680801747103793152,897,2505
680798457301471234,1129,3031
680609293079592961,775,2796
680583894916304897,1455,3832
680497766108381184,2075,4490
680494726643068929,524,1817
680473011644985345,809,2694
680440374763077632,548,1540
680221482581123072,314,1544
680206703334408192,1277,2999
680191257256136705,550,2274
680176173301628928,1697,4134
680161097740095489,795,2453
680145970311643136,1889,3836
680130881361686529,1032,2430
680115823365742593,989,2873
680100725817409536,1484,3789
680085611152338944,9673,13550
680070545539371008,952,2719
680055455951884288,7743,17702
679877062409191424,695,2085
679872969355714560,718,2303
679862121895714818,676,2609
679854723806179328,1344,3033
679844490799091713,837,2514
679828447187857408,15231,38411
679777920601223168,1213,3271
679736210798047232,865,2218
679729593985699840,893,2291
679722016581222400,509,1749
679530280114372609,2243,5041
679527802031484928,788,2801
679511351870550016,1391,3574
679503373272485890,1607,3342
679475951516934144,688,2224
679462823135686656,20440,33613
679405845277462528,1307,2518
679158373988876288,8804,22770
679148763231985668,1114,2936
679132435750195208,1254,3135
679111216690831360,2769,6302
679062614270468097,8919,18070
679047485189439488,739,2381
679001094530465792,1336,2988
678991772295516161,1275,2456
678969228704284672,499,1735
678800283649069056,978,2722
678798276842360832,1288,3687
678774928607469569,999,2943
678767140346941444,1481,3728
678764513869611008,518,1728
678755239630127104,3589,7547
678740035362037760,1845,3971
678708137298427904,2638,5867
678675843183484930,1608,3031
678643457146150913,461,2167
678446151570427904,1706,4217
678424312106393600,2757,5720
678410210315247616,1972,4468
678399652199309312,29875,61209
678396796259975168,455,1673
678389028614488064,454,1971
678380236862578688,976,2567
678341075375947776,584,1820
678334497360859136,288,1369
678278586130948096,6564,12106
678255464182861824,401,1667
678023323247357953,420,2027
678021115718029313,6878,14494
677961670166224897,1815,3604
677918531514703872,439,1419
677895101218201600,2278,5089
677716515794329600,1047,3204
677700003327029250,1555,3573
677698403548192770,343,1290
677687604918272002,909,2608
677673981332312066,1612,3517
677662372920729601,1052,2050
677644091929329666,859,1974
677573743309385728,783,2250
677565715327688705,488,1357
677557565589463040,1252,2558
677547928504967168,3911,7298
677530072887205888,242,1121
677335745548390400,1931,3215
677334615166730240,317,1424
677331501395156992,256,1146
677328882937298944,1613,3814
677314812125323265,580,1729
677301033169788928,443,1308
677269281705472000,757,2092
677228873407442944,1758,3722
677187300187611136,989,2873
676975532580409345,1149,2915
676949632774234114,425,1365
676948236477857792,941,2284
676946864479084545,407,1782
676942428000112642,818,2179
676936541936185344,5284,13341
676916996760600576,1929,3115
676897532954456065,782,2362
676864501615042560,769,2211
676821958043033607,16790,24233
676819651066732545,712,1884
676811746707918848,456,1488
676776431406465024,2162,5229
676617503762681856,1054,3038
676613908052996102,208,1142
676606785097199616,470,1971
676603393314578432,419,1230
676593408224403456,2317,4802
676590572941893632,136,963
676588346097852417,859,2447
676582956622721024,303,1261
676575501977128964,1205,2708
676533798876651520,598,1971
676496375194980353,571,1590
676470639084101634,5006,12178
676440007570247681,716,1802
676430933382295552,370,1465
676263575653122048,586,2172
676237365392908289,314,1279
676219687039057920,33298,78455
676215927814406144,629,1819
676191832485810177,1098,2383
676146341966438401,713,2002
676121918416756736,1248,2242
676101918813499392,1237,2937
676098748976615425,1544,3160
676089483918516224,458,1376
675898130735476737,612,1712
675891555769696257,935,2230
675888385639251968,1028,2490
675878199931371520,1497,4373
675870721063669760,606,1715
675853064436391936,1389,2813
675849018447167488,161,981
675845657354215424,952,2389
675822767435051008,568,1591
675820929667219457,244,1095
675798442703122432,3616,10714
675781562965868544,507,1689
675740360753160193,371,1216
675710890956750848,886,1980
675707330206547968,740,2076
675706639471788032,103,669
675534494439489536,446,1897
675531475945709568,413,1230
675522403582218240,304,1083
675517828909424640,487,1362
675501075957489664,6214,17865
675497103322386432,1381,3273
675489971617296384,634,1354
675483430902214656,1035,1925
675432746517426176,603,1584
675372240448454658,538,1777
675362609739206656,243,1094
675354435921575936,18266,34138
675349384339542016,2409,4094
675334060156301312,1373,2902
675166823650848770,1727,3766
675153376133427200,2771,6555
675149409102012420,1788,3887
675147105808306176,255,982
675146535592706048,331,1245
675145476954566656,961,2219
675135153782571009,526,1349
675113801096802304,828,2034
675111688094527488,268,1003
675109292475830276,1205,2908
675047298674663426,347,1101
675015141583413248,1274,2822
675006312288268288,241,1017
675003128568291329,501,1612
674999807681908736,1175,2337
674805413498527744,375,896
674800520222154752,913,3127
674793399141146624,1163,2605
674790488185167872,268,1144
674788554665512960,220,841
674781762103414784,1283,2089
674774481756377088,505,1176
674767892831932416,850,1901
674764817387900928,254,816
674754018082705410,479,1406
674752233200820224,492,1515
674743008475090944,585,1456
674742531037511680,54,507
674739953134403584,420,1156
674737130913071104,97,667
674690135443775488,496,1189
674670581682434048,689,1679
674664755118911488,270,957
674646392044941312,532,1493
674644256330530816,288,1069
674638615994089473,614,1744
674632714662858753,611,1555
674606911342424069,105,972
674468880899788800,2182,6448
674447403907457024,376,1099
674436901579923456,417,1156
674422304705744896,563,1484
674416750885273600,148,706
674410619106390016,494,1239
674394782723014656,608,1553
674372068062928900,326,876
674330906434379776,77,580
674318007229923329,548,1463
674307341513269249,7347,11739
674291837063053312,6253,15299
674271431610523648,767,1622
674269164442398721,239,930
674265582246694913,893,1699
674262580978937856,484,1347
674255168825880576,593,1521
674082852460433408,180,779
674075285688614912,304,1012
674063288070742018,2356,6581
674053186244734976,1378,3446
674051556661161984,508,1500
674045139690631169,675,1463
674042553264685056,135,744
674038233588723717,432,1138
674036086168010753,227,871
674024893172875264,1298,1855
674019345211760640,316,1173
674014384960745472,686,1618
674008982932058114,370,1239
673956914389192708,1021,2020
673919437611909120,385,1207
673906403526995968,1715,3302
673887867907739649,264,964
673716320723169284,800,3181
673715861853720576,2204,3673
673711475735838725,315,1071
673709992831262724,287,875
673708611235921920,306,1106
673707060090052608,413,1130
673705679337693185,418,1294
673700254269775872,599,1483
673697980713705472,2069,3926
673689733134946305,681,1794
673688752737402881,521,1302
673686845050527744,457,1492
673680198160809984,491,1417
673662677122719744,381,1292
673656262056419329,255,738
673636718965334016,389,1154
673612854080196609,763,1637
673583129559498752,388,1229
673580926094458881,279,853
673576835670777856,588,1422
673363615379013632,326,1055
673359818736984064,702,1501
673355879178194945,615,1539
673352124999274496,567,1709
673350198937153538,222,758
673345638550134785,1352,2605
673343217010679808,281,1004
673342308415348736,619,1308
673320132811366400,8360,13917
673317986296586240,277,892
673295268553605120,3329,7751
673270968295534593,387,1096
673240798075449344,764,1462
673213039743795200,888,2327
673148804208660480,659,1753
672997845381865473,756,2025
672995267319328768,311,986
672988786805112832,304,1005
672984142909456390,567,1287
672980819271634944,1046,1864
672975131468300288,964,1736
672970152493887488,373,987
672968025906282496,573,1353
672964561327235073,673,1466
672902681409806336,529,1408
672898206762672129,440,917
672884426393653248,865,1598
672877615439593473,386,1058
672834301050937345,595,1353
672828477930868736,510,1291
672640509974827008,338,1000
672622327801233409,517,1329
672614745925664768,615,1260
672609152938721280,406,1148
672604026190569472,426,1144
672594978741354496,633,1367
672591762242805761,348,978
672591271085670400,195,749
672538107540070400,389,1059
672523490734551040,180,665
672488522314567680,455,1148
672482722825261057,635,1169
672481316919734272,128,735
672475084225949696,733,1481
672466075045466113,566,1394
672272411274932228,3551,6647
672267570918129665,640,1536
672264251789176834,356,1180
672256522047614977,1628,2896
672254177670729728,770,1473
672248013293752320,633,1777
672245253877968896,162,707
672239279297454080,335,920
672231046314901505,1055,1890
672222792075620352,222,808
672205392827572224,1209,2328
672169685991993344,386,1052
672160042234327040,377,893
672139350159835138,750,1801
672125275208069120,1199,2474
672095186491711488,384,1026
672082170312290304,381,966
672068090318987265,539,1336
671896809300709376,4342,8704
671891728106971137,590,1369
671882082306625538,1439,3564
671879137494245376,721,1463
671874878652489728,580,1287
671866342182637568,524,1159
671855973984772097,475,937
671789708968640512,3649,7278
671768281401958400,546,1232
671763349865160704,968,1732
671744970634719232,803,1385
671743150407421952,239,761
671735591348891648,788,1486
671729906628341761,4571,8773
671561002136281088,7577,13208
671550332464455680,216,940
671547767500775424,623,1390
671544874165002241,1095,2048
671542985629241344,594,1124
671538301157904385,415,953
671536543010570240,427,1211
671533943490011136,603,1051
671528761649688577,270,863
671520732782923777,553,1436
671518598289059840,303,975
671511350426865664,761,1663
671504605491109889,3694,7245
671497587707535361,468,945
671488513339211776,491,1041
671486386088865792,214,601
671485057807351808,241,787
671390180817915904,766,1459
671362598324076544,307,1147
671357843010908160,154,414
671355857343524864,117,490
671347597085433856,450,997
671186162933985280,222,756
671182547775299584,359,1156
671166507850801152,368,898
671163268581498880,1157,1708
671159727754231808,85,387
671154572044468225,227,744
671151324042559489,160,690
671147085991960577,240,691
671141549288370177,684,1203
671138694582165504,421,955
671134062904504320,200,766
671122204919246848,2646,3596
671115716440031232,808,1395
671109016219725825,459,1177
670995969505435648,305,1137
670842764863651840,9173,25266
670840546554966016,205,613
670838202509447168,729,1147
670833812859932673,128,461
670832455012716544,229,756
670826280409919488,4254,5738
670823764196741120,199,800
670822709593571328,101,629
670815497391357952,1615,3263
670811965569282048,282,1162
670807719151067136,511,1183
670804601705242624,994,2033
670803562457407488,91,349
670797304698376195,247,753
670792680469889025,288,856
670789397210615808,250,682
670786190031921152,210,618
670783437142401025,412,839
670782429121134593,815,1617
670780561024270336,298,801
670778058496974848,74,335
670764103623966721,441,1106
670755717859713024,119,459
670733412878163972,530,987
670727704916926465,380,852
670717338665226240,518,1248
670704688707301377,387,783
670691627984359425,253,606
670679630144274432,302,767
670676092097810432,45,259
670668383499735048,5268,11041
670474236058800128,800,1578
670468609693655041,89,361
670465786746662913,581,999
670452855871037440,217,564
670449342516494336,700,1225
670444955656130560,2069,6903
670442337873600512,205,668
670435821946826752,546,1084
670434127938719744,672,1443
670433248821026816,118,334
670428280563085312,667,1427
670427002554466305,172,532
670421925039075328,669,1353
670420569653809152,330,647
670417414769758208,337,585
670411370698022913,944,2092
670408998013820928,233,572
670403879788544000,163,444
670385711116361728,220,576
670374371102445568,280,763
670361874861563904,69,339
670338931251150849,117,438
670319130621435904,1291,3966
670303360680108032,141,438
670290420111441920,298,725
670093938074779648,353,1065
670086499208155136,261,717
670079681849372674,1307,2291
670073503555706880,826,1615
670069087419133954,255,651
670061506722140161,360,786
670055038660800512,344,690
670046952931721218,184,663
670040295598354432,115,771
670037189829525505,292,603
670003130994700288,96,342
669993076832759809,87,335
669972011175813120,168,456
669970042633789440,63,309
669942763794931712,174,522
669926384437997569,109,388
669923323644657664,59,242
669753178989142016,422,837
669749430875258880,67,278
669684865554620416,91,538
669683899023405056,114,403
669682095984410625,137,363
669680153564442624,300,690
669661792646373376,460,830
669625907762618368,1893,3642
669603084620980224,386,973
669597912108789760,157,527
669583744538451968,971,1531
669573570759163904,149,448
669571471778410496,1053,1629
669567591774625800,59,241
669564461267722241,129,398
669393256313184256,79,373
669375718304980992,761,1374
669371483794317312,187,509
669367896104181761,165,473
669363888236994561,239,643
669359674819481600,129,378
669354382627049472,1328,2790
669353438988365824,267,664
669351434509529089,195,451
669328503091937280,434,1038
669327207240699904,120,589
669324657376567296,214,509
669216679721873412,420,1220
669214165781868544,178,457
669203728096960512,499,1035
669037058363662336,326,678
669015743032369152,388,759
669006782128353280,261,591
669000397445533696,6646,21470
668994913074286592,243,454
668992363537309700,363,762
668989615043424256,342,700
668988183816871936,494,925
668986018524233728,174,566
668981893510119424,320,556
668979806671884288,367,815
668975677807423489,612,1345
668967877119254528,25,150
668960084974809088,248,730
668955713004314625,74,288
668932921458302977,60,274
668902994700836864,106,326
668892474547511297,160,409
668872652652679168,311,544
668852170888998912,173,465
668826086256599040,146,452
668815180734689280,283,588
668779399630725120,385,724
668655139528511488,228,546
668645506898350081,566,927
668643542311546881,554,908
668641109086707712,560,1105
668636665813057536,507,1075
668633411083464705,1722,2902
668631377374486528,330,738
668627278264475648,118,327
668625577880875008,140,401
668623201287675904,811,1491
668620235289837568,45,210
668614819948453888,326,625
668587383441514497,1131,1707
668567822092664832,60,253
668544745690562560,237,533
668542336805281792,223,476
668537837512433665,78,257
668528771708952576,235,478
668507509523615744,112,334
668496999348633600,136,421
668484198282485761,245,437
668480044826800133,153,474
668466899341221888,537,908
668297328638447616,309,636
668291999406125056,33,253
668286279830867968,142,519
668274247790391296,238,847
668268907921326080,246,570
668256321989451776,645,1339
668248472370458624,504,1015
668237644992782336,2967,6383
668226093875376128,107,310
668221241640230912,206,524
668204964695683073,200,566
668190681446379520,202,668
668171859951755264,202,506
668154635664932864,326,509
668142349051129856,296,578
668113020489474048,252,683
667937095915278337,822,1305
667924896115245057,114,308
667915453470232577,58,216
667911425562669056,315,505
667902449697558528,387,867
667886921285246976,1132,1941
667885044254572545,506,838
667878741721415682,121,401
667873844930215936,421,646
667866724293877760,1070,3070
667861340749471744,80,247
667832474953625600,63,294
667806454573760512,516,1078
667801013445750784,97,337
667793409583771648,338,717
667782464991965184,249,423
667773195014021121,58,240
667766675769573376,225,455
667728196545200128,153,383
667724302356258817,328,496
667550904950915073,35,0
667550882905632768,33,0
667549055577362432,2362,5913
667546741521195010,129,340
667544320556335104,540,885
667538891197542400,67,209
667534815156183040,554,835
667530908589760512,249,482
667524857454854144,1148,1733
667517642048163840,197,375
667509364010450944,2198,6916
667502640335572993,224,541
667495797102141441,282,535
667491009379606528,232,544
667470559035432960,100,264
667455448082227200,60,193
667453023279554560,92,320
667443425659232256,597,802
667437278097252352,245,455
667435689202614272,85,310
667405339315146752,223,473
667393430834667520,58,197
667369227918143488,167,374
667211855547486208,248,500
667200525029539841,267,624
667192066997374976,109,393
667188689915760640,428,758
667182792070062081,6386,14590
667177989038297088,55,192
667176164155375616,472,619
667174963120574464,84,251
667171260800061440,92,226
667165590075940865,1174,2739
667160273090932737,63,261
667152164079423490,17572,48597
667138269671505920,2273,4687
667119796878725120,129,332
667090893657276420,129,339
667073648344346624,125,411
667070482143944705,14,85
667065535570550784,48,168
667062181243039745,55,220
667044094246576128,51,187
667012601033924608,227,454
666996132027977728,96,248
666983947667116034,1002,2582
666837028449972224,562,828
666835007768551424,80,218
666826780179869698,97,255
666817836334096384,258,526
666804364988780544,94,242
666786068205871104,490,770
666781792255496192,200,390
666776908487630848,175,355
666739327293083650,66,237
666701168228331520,222,434
666691418707132416,47,187
666649482315059201,610,985
666644823164719104,83,233
666454714377183233,209,523
666447344410484738,20,104
666437273139982337,48,125
666435652385423360,53,165
666430724426358785,198,319
666428276349472768,83,165
666421158376562688,111,315
666418789513326592,46,125
666411507551481857,325,444
666407126856765440,40,109
666396247373291520,84,168
666373753744588802,93,188
666362758909284353,568,775
666353288456101888,72,219
666345417576210432,135,295
666337882303524864,91,198
666293911632134144,354,498
666287406224695296,64,149
666273097616637952,76,174
666268910803644416,35,103
666104133288665088,6566,14272
666102155909144576,12,80
666099513787052032,67,153
666094000022159362,73,163
666082916733198337,44,118
666073100786774016,163,321
666071193221509120,60,147
666063827256086533,217,476
666058600524156928,57,111
666057090499244032,141,296
666055525042405380,249,432
666051853826850816,845,1210
666050758794694657,58,133
666049248165822465,40,109
666044226329800704,141,297
666033412701032449,44,125
666029285002620928,47,130
666020888022790149,512,2558
